,#,Name,Type 1,Type 2,Legendary,Generation,HP,Attack,Defense,Sp. Atk,Sp. Def,Speed,Total
0,1,Bulbasaur,Grass,Poison,False,1,45,49,49,65,65,45,318
1,2,Ivysaur,Grass,Poison,False,1,60,62,63,80,80,60,405
2,3,Venusaur,Grass,Poison,False,1,80,82,83,100,100,80,525
3,3,VenusaurMega Venusaur,Grass,Poison,False,1,80,100,123,122,120,80,625
4,4,Charmander,Fire,,False,1,39,52,43,60,50,65,309
5,5,Charmeleon,Fire,,False,1,58,64,58,80,65,80,405
6,6,Charizard,Fire,Flying,False,1,78,84,78,109,85,100,534
7,6,CharizardMega Charizard X,Fire,Dragon,False,1,78,130,111,130,85,100,634
8,6,CharizardMega Charizard Y,Fire,Flying,False,1,78,104,78,159,115,100,634
9,7,Squirtle,Water,,False,1,44,48,65,50,64,43,314
10,8,Wartortle,Water,,False,1,59,63,80,65,80,58,405
11,9,Blastoise,Water,,False,1,79,83,100,85,105,78,530
12,9,BlastoiseMega Blastoise,Water,,False,1,79,103,120,135,115,78,630
13,10,Caterpie,Bug,,False,1,45,30,35,20,20,45,195
14,11,Metapod,Bug,,False,1,50,20,55,25,25,30,205
15,12,Butterfree,Bug,Flying,False,1,60,45,50,90,80,70,395
16,13,Weedle,Bug,Poison,False,1,40,35,30,20,20,50,195
17,14,Kakuna,Bug,Poison,False,1,45,25,50,25,25,35,205
18,15,Beedrill,Bug,Poison,False,1,65,90,40,45,80,75,395
19,15,BeedrillMega Beedrill,Bug,Poison,False,1,65,150,40,15,80,145,495
20,16,Pidgey,Normal,Flying,False,1,40,45,40,35,35,56,251
21,17,Pidgeotto,Normal,Flying,False,1,63,60,55,50,50,71,349
22,18,Pidgeot,Normal,Flying,False,1,83,80,75,70,70,101,479
23,18,PidgeotMega Pidgeot,Normal,Flying,False,1,83,80,80,135,80,121,579
24,19,Rattata,Normal,,False,1,30,56,35,25,35,72,253
25,20,Raticate,Normal,,False,1,55,81,60,50,70,97,413
26,21,Spearow,Normal,Flying,False,1,40,60,30,31,31,70,262
27,22,Fearow,Normal,Flying,False,1,65,90,65,61,61,100,442
28,23,Ekans,Poison,,False,1,35,60,44,40,54,55,288
29,24,Arbok,Poison,,False,1,60,85,69,65,79,80,438
30,25,Pikachu,Electric,,False,1,35,55,40,50,50,90,320
31,26,Raichu,Electric,,False,1,60,90,55,90,80,110,485
32,27,Sandshrew,Ground,,False,1,50,75,85,20,30,40,300
33,28,Sandslash,Ground,,False,1,75,100,110,45,55,65,450
34,29,Nidoran (Female),Poison,,False,1,55,47,52,40,40,41,275
35,30,Nidorina,Poison,,False,1,70,62,67,55,55,56,365
36,31,Nidoqueen,Poison,Ground,False,1,90,92,87,75,85,76,505
37,32,Nidoran (Male),Poison,,False,1,46,57,40,40,40,50,273
38,33,Nidorino,Poison,,False,1,61,72,57,55,55,65,365
39,34,Nidoking,Poison,Ground,False,1,81,102,77,85,75,85,505
40,35,Clefairy,Fairy,,False,1,70,45,48,60,65,35,323
41,36,Clefable,Fairy,,False,1,95,70,73,95,90,60,483
42,37,Vulpix,Fire,,False,1,38,41,40,50,65,65,299
43,38,Ninetales,Fire,,False,1,73,76,75,81,100,100,505
44,39,Jigglypuff,Normal,Fairy,False,1,115,45,20,45,25,20,270
45,40,Wigglytuff,Normal,Fairy,False,1,140,70,45,85,50,45,435
46,41,Zubat,Poison,Flying,False,1,40,45,35,30,40,55,245
47,42,Golbat,Poison,Flying,False,1,75,80,70,65,75,90,455
48,43,Oddish,Grass,Poison,False,1,45,50,55,75,65,30,320
49,44,Gloom,Grass,Poison,False,1,60,65,70,85,75,40,395
50,45,Vileplume,Grass,Poison,False,1,75,80,85,110,90,50,490
51,46,Paras,Bug,Grass,False,1,35,70,55,45,55,25,285
52,47,Parasect,Bug,Grass,False,1,60,95,80,60,80,30,405
53,48,Venonat,Bug,Poison,False,1,60,55,50,40,55,45,305
54,49,Venomoth,Bug,Poison,False,1,70,65,60,90,75,90,450
55,50,Diglett,Ground,,False,1,10,55,25,35,45,95,265
56,51,Dugtrio,Ground,,False,1,35,80,50,50,70,120,405
57,52,Meowth,Normal,,False,1,40,45,35,40,40,90,290
58,53,Persian,Normal,,False,1,65,70,60,65,65,115,440
59,54,Psyduck,Water,,False,1,50,52,48,65,50,55,320
60,55,Golduck,Water,,False,1,80,82,78,95,80,85,500
61,56,Mankey,Fighting,,False,1,40,80,35,35,45,70,305
62,57,Primeape,Fighting,,False,1,65,105,60,60,70,95,455
63,58,Growlithe,Fire,,False,1,55,70,45,70,50,60,350
64,59,Arcanine,Fire,,False,1,90,110,80,100,80,95,555
65,60,Poliwag,Water,,False,1,40,50,40,40,40,90,300
66,61,Poliwhirl,Water,,False,1,65,65,65,50,50,90,385
67,62,Poliwrath,Water,Fighting,False,1,90,95,95,70,90,70,510
68,63,Abra,Psychic,,False,1,25,20,15,105,55,90,310
69,64,Kadabra,Psychic,,False,1,40,35,30,120,70,105,400
70,65,Alakazam,Psychic,,False,1,55,50,45,135,95,120,500
71,65,AlakazamMega Alakazam,Psychic,,False,1,55,50,65,175,95,150,590
72,66,Machop,Fighting,,False,1,70,80,50,35,35,35,305
73,67,Machoke,Fighting,,False,1,80,100,70,50,60,45,405
74,68,Machamp,Fighting,,False,1,90,130,80,65,85,55,505
75,69,Bellsprout,Grass,Poison,False,1,50,75,35,70,30,40,300
76,70,Weepinbell,Grass,Poison,False,1,65,90,50,85,45,55,390
77,71,Victreebel,Grass,Poison,False,1,80,105,65,100,70,70,490
78,72,Tentacool,Water,Poison,False,1,40,40,35,50,100,70,335
79,73,Tentacruel,Water,Poison,False,1,80,70,65,80,120,100,515
80,74,Geodude,Rock,Ground,False,1,40,80,100,30,30,20,300
81,75,Graveler,Rock,Ground,False,1,55,95,115,45,45,35,390
82,76,Golem,Rock,Ground,False,1,80,120,130,55,65,45,495
83,77,Ponyta,Fire,,False,1,50,85,55,65,65,90,410
84,78,Rapidash,Fire,,False,1,65,100,70,80,80,105,500
85,79,Slowpoke,Water,Psychic,False,1,90,65,65,40,40,15,315
86,80,Slowbro,Water,Psychic,False,1,95,75,110,100,80,30,490
87,80,SlowbroMega Slowbro,Water,Psychic,False,1,95,75,180,130,80,30,590
88,81,Magnemite,Electric,Steel,False,1,25,35,70,95,55,45,325
89,82,Magneton,Electric,Steel,False,1,50,60,95,120,70,70,465
90,83,Farfetch'd,Normal,Flying,False,1,52,65,55,58,62,60,352
91,84,Doduo,Normal,Flying,False,1,35,85,45,35,35,75,310
92,85,Dodrio,Normal,Flying,False,1,60,110,70,60,60,100,460
93,86,Seel,Water,,False,1,65,45,55,45,70,45,325
94,87,Dewgong,Water,Ice,False,1,90,70,80,70,95,70,475
95,88,Grimer,Poison,,False,1,80,80,50,40,50,25,325
96,89,Muk,Poison,,False,1,105,105,75,65,100,50,500
97,90,Shellder,Water,,False,1,30,65,100,45,25,40,305
98,91,Cloyster,Water,Ice,False,1,50,95,180,85,45,70,525
99,92,Gastly,Ghost,Poison,False,1,30,35,30,100,35,80,310
100,93,Haunter,Ghost,Poison,False,1,45,50,45,115,55,95,405
101,94,Gengar,Ghost,Poison,False,1,60,65,60,130,75,110,500
102,94,GengarMega Gengar,Ghost,Poison,False,1,60,65,80,170,95,130,600
103,95,Onix,Rock,Ground,False,1,35,45,160,30,45,70,385
104,96,Drowzee,Psychic,,False,1,60,48,45,43,90,42,328
105,97,Hypno,Psychic,,False,1,85,73,70,73,115,67,483
106,98,Krabby,Water,,False,1,30,105,90,25,25,50,325
107,99,Kingler,Water,,False,1,55,130,115,50,50,75,475
108,100,Voltorb,Electric,,False,1,40,30,50,55,55,100,330
109,101,Electrode,Electric,,False,1,60,50,70,80,80,140,480
110,102,Exeggcute,Grass,Psychic,False,1,60,40,80,60,45,40,325
111,103,Exeggutor,Grass,Psychic,False,1,95,95,85,125,65,55,520
112,104,Cubone,Ground,,False,1,50,50,95,40,50,35,320
113,105,Marowak,Ground,,False,1,60,80,110,50,80,45,425
114,106,Hitmonlee,Fighting,,False,1,50,120,53,35,110,87,455
115,107,Hitmonchan,Fighting,,False,1,50,105,79,35,110,76,455
116,108,Lickitung,Normal,,False,1,90,55,75,60,75,30,385
117,109,Koffing,Poison,,False,1,40,65,95,60,45,35,340
118,110,Weezing,Poison,,False,1,65,90,120,85,70,60,490
119,111,Rhyhorn,Ground,Rock,False,1,80,85,95,30,30,25,345
120,112,Rhydon,Ground,Rock,False,1,105,130,120,45,45,40,485
121,113,Chansey,Normal,,False,1,250,5,5,35,105,50,450
122,114,Tangela,Grass,,False,1,65,55,115,100,40,60,435
123,115,Kangaskhan,Normal,,False,1,105,95,80,40,80,90,490
124,115,KangaskhanMega Kangaskhan,Normal,,False,1,105,125,100,60,100,100,590
125,116,Horsea,Water,,False,1,30,40,70,70,25,60,295
126,117,Seadra,Water,,False,1,55,65,95,95,45,85,440
127,118,Goldeen,Water,,False,1,45,67,60,35,50,63,320
128,119,Seaking,Water,,False,1,80,92,65,65,80,68,450
129,120,Staryu,Water,,False,1,30,45,55,70,55,85,340
130,121,Starmie,Water,Psychic,False,1,60,75,85,100,85,115,520
131,122,Mr. Mime,Psychic,Fairy,False,1,40,45,65,100,120,90,460
132,123,Scyther,Bug,Flying,False,1,70,110,80,55,80,105,500
133,124,Jynx,Ice,Psychic,False,1,65,50,35,115,95,95,455
134,125,Electabuzz,Electric,,False,1,65,83,57,95,85,105,490
135,126,Magmar,Fire,,False,1,65,95,57,100,85,93,495
136,127,Pinsir,Bug,,False,1,65,125,100,55,70,85,500
137,127,PinsirMega Pinsir,Bug,Flying,False,1,65,155,120,65,90,105,600
138,128,Tauros,Normal,,False,1,75,100,95,40,70,110,490
139,129,Magikarp,Water,,False,1,20,10,55,15,20,80,200
140,130,Gyarados,Water,Flying,False,1,95,125,79,60,100,81,540
141,130,GyaradosMega Gyarados,Water,Dark,False,1,95,155,109,70,130,81,640
142,131,Lapras,Water,Ice,False,1,130,85,80,85,95,60,535
143,132,Ditto,Normal,,False,1,48,48,48,48,48,48,288
144,133,Eevee,Normal,,False,1,55,55,50,45,65,55,325
145,134,Vaporeon,Water,,False,1,130,65,60,110,95,65,525
146,135,Jolteon,Electric,,False,1,65,65,60,110,95,130,525
147,136,Flareon,Fire,,False,1,65,130,60,95,110,65,525
148,137,Porygon,Normal,,False,1,65,60,70,85,75,40,395
149,138,Omanyte,Rock,Water,False,1,35,40,100,90,55,35,355
150,139,Omastar,Rock,Water,False,1,70,60,125,115,70,55,495
151,140,Kabuto,Rock,Water,False,1,30,80,90,55,45,55,355
152,141,Kabutops,Rock,Water,False,1,60,115,105,65,70,80,495
153,142,Aerodactyl,Rock,Flying,False,1,80,105,65,60,75,130,515
154,142,AerodactylMega Aerodactyl,Rock,Flying,False,1,80,135,85,70,95,150,615
155,143,Snorlax,Normal,,False,1,160,110,65,65,110,30,540
156,144,Articuno,Ice,Flying,True,1,90,85,100,95,125,85,580
157,145,Zapdos,Electric,Flying,True,1,90,90,85,125,90,100,580
158,146,Moltres,Fire,Flying,True,1,90,100,90,125,85,90,580
159,147,Dratini,Dragon,,False,1,41,64,45,50,50,50,300
160,148,Dragonair,Dragon,,False,1,61,84,65,70,70,70,420
161,149,Dragonite,Dragon,Flying,False,1,91,134,95,100,100,80,600
162,150,Mewtwo,Psychic,,True,1,106,110,90,154,90,130,680
163,150,MewtwoMega Mewtwo X,Psychic,Fighting,True,1,106,190,100,154,100,130,780
164,150,MewtwoMega Mewtwo Y,Psychic,,True,1,106,150,70,194,120,140,780
165,151,Mew,Psychic,,False,1,100,100,100,100,100,100,600
166,152,Chikorita,Grass,,False,2,45,49,65,49,65,45,318
167,153,Bayleef,Grass,,False,2,60,62,80,63,80,60,405
168,154,Meganium,Grass,,False,2,80,82,100,83,100,80,525
169,155,Cyndaquil,Fire,,False,2,39,52,43,60,50,65,309
170,156,Quilava,Fire,,False,2,58,64,58,80,65,80,405
171,157,Typhlosion,Fire,,False,2,78,84,78,109,85,100,534
172,158,Totodile,Water,,False,2,50,65,64,44,48,43,314
173,159,Croconaw,Water,,False,2,65,80,80,59,63,58,405
174,160,Feraligatr,Water,,False,2,85,105,100,79,83,78,530
175,161,Sentret,Normal,,False,2,35,46,34,35,45,20,215
176,162,Furret,Normal,,False,2,85,76,64,45,55,90,415
177,163,Hoothoot,Normal,Flying,False,2,60,30,30,36,56,50,262
178,164,Noctowl,Normal,Flying,False,2,100,50,50,76,96,70,442
179,165,Ledyba,Bug,Flying,False,2,40,20,30,40,80,55,265
180,166,Ledian,Bug,Flying,False,2,55,35,50,55,110,85,390
181,167,Spinarak,Bug,Poison,False,2,40,60,40,40,40,30,250
182,168,Ariados,Bug,Poison,False,2,70,90,70,60,60,40,390
183,169,Crobat,Poison,Flying,False,2,85,90,80,70,80,130,535
184,170,Chinchou,Water,Electric,False,2,75,38,38,56,56,67,330
185,171,Lanturn,Water,Electric,False,2,125,58,58,76,76,67,460
186,172,Pichu,Electric,,False,2,20,40,15,35,35,60,205
187,173,Cleffa,Fairy,,False,2,50,25,28,45,55,15,218
188,174,Igglybuff,Normal,Fairy,False,2,90,30,15,40,20,15,210
189,175,Togepi,Fairy,,False,2,35,20,65,40,65,20,245
190,176,Togetic,Fairy,Flying,False,2,55,40,85,80,105,40,405
191,177,Natu,Psychic,Flying,False,2,40,50,45,70,45,70,320
192,178,Xatu,Psychic,Flying,False,2,65,75,70,95,70,95,470
193,179,Mareep,Electric,,False,2,55,40,40,65,45,35,280
194,180,Flaaffy,Electric,,False,2,70,55,55,80,60,45,365
195,181,Ampharos,Electric,,False,2,90,75,85,115,90,55,510
196,181,AmpharosMega Ampharos,Electric,Dragon,False,2,90,95,105,165,110,45,610
197,182,Bellossom,Grass,,False,2,75,80,95,90,100,50,490
198,183,Marill,Water,Fairy,False,2,70,20,50,20,50,40,250
199,184,Azumarill,Water,Fairy,False,2,100,50,80,60,80,50,420
200,185,Sudowoodo,Rock,,False,2,70,100,115,30,65,30,410
201,186,Politoed,Water,,False,2,90,75,75,90,100,70,500
202,187,Hoppip,Grass,Flying,False,2,35,35,40,35,55,50,250
203,188,Skiploom,Grass,Flying,False,2,55,45,50,45,65,80,340
204,189,Jumpluff,Grass,Flying,False,2,75,55,70,55,95,110,460
205,190,Aipom,Normal,,False,2,55,70,55,40,55,85,360
206,191,Sunkern,Grass,,False,2,30,30,30,30,30,30,180
207,192,Sunflora,Grass,,False,2,75,75,55,105,85,30,425
208,193,Yanma,Bug,Flying,False,2,65,65,45,75,45,95,390
209,194,Wooper,Water,Ground,False,2,55,45,45,25,25,15,210
210,195,Quagsire,Water,Ground,False,2,95,85,85,65,65,35,430
211,196,Espeon,Psychic,,False,2,65,65,60,130,95,110,525
212,197,Umbreon,Dark,,False,2,95,65,110,60,130,65,525
213,198,Murkrow,Dark,Flying,False,2,60,85,42,85,42,91,405
214,199,Slowking,Water,Psychic,False,2,95,75,80,100,110,30,490
215,200,Misdreavus,Ghost,,False,2,60,60,60,85,85,85,435
216,201,Unown,Psychic,,False,2,48,72,48,72,48,48,336
217,202,Wobbuffet,Psychic,,False,2,190,33,58,33,58,33,405
218,203,Girafarig,Normal,Psychic,False,2,70,80,65,90,65,85,455
219,204,Pineco,Bug,,False,2,50,65,90,35,35,15,290
220,205,Forretress,Bug,Steel,False,2,75,90,140,60,60,40,465
221,206,Dunsparce,Normal,,False,2,100,70,70,65,65,45,415
222,207,Gligar,Ground,Flying,False,2,65,75,105,35,65,85,430
223,208,Steelix,Steel,Ground,False,2,75,85,200,55,65,30,510
224,208,SteelixMega Steelix,Steel,Ground,False,2,75,125,230,55,95,30,610
225,209,Snubbull,Fairy,,False,2,60,80,50,40,40,30,300
226,210,Granbull,Fairy,,False,2,90,120,75,60,60,45,450
227,211,Qwilfish,Water,Poison,False,2,65,95,75,55,55,85,430
228,212,Scizor,Bug,Steel,False,2,70,130,100,55,80,65,500
229,212,ScizorMega Scizor,Bug,Steel,False,2,70,150,140,65,100,75,600
230,213,Shuckle,Bug,Rock,False,2,20,10,230,10,230,5,505
231,214,Heracross,Bug,Fighting,False,2,80,125,75,40,95,85,500
232,214,HeracrossMega Heracross,Bug,Fighting,False,2,80,185,115,40,105,75,600
233,215,Sneasel,Dark,Ice,False,2,55,95,55,35,75,115,430
234,216,Teddiursa,Normal,,False,2,60,80,50,50,50,40,330
235,217,Ursaring,Normal,,False,2,90,130,75,75,75,55,500
236,218,Slugma,Fire,,False,2,40,40,40,70,40,20,250
237,219,Magcargo,Fire,Rock,False,2,50,50,120,80,80,30,410
238,220,Swinub,Ice,Ground,False,2,50,50,40,30,30,50,250
239,221,Piloswine,Ice,Ground,False,2,100,100,80,60,60,50,450
240,222,Corsola,Water,Rock,False,2,55,55,85,65,85,35,380
241,223,Remoraid,Water,,False,2,35,65,35,65,35,65,300
242,224,Octillery,Water,,False,2,75,105,75,105,75,45,480
243,225,Delibird,Ice,Flying,False,2,45,55,45,65,45,75,330
244,226,Mantine,Water,Flying,False,2,65,40,70,80,140,70,465
245,227,Skarmory,Steel,Flying,False,2,65,80,140,40,70,70,465
246,228,Houndour,Dark,Fire,False,2,45,60,30,80,50,65,330
247,229,Houndoom,Dark,Fire,False,2,75,90,50,110,80,95,500
248,229,HoundoomMega Houndoom,Dark,Fire,False,2,75,90,90,140,90,115,600
249,230,Kingdra,Water,Dragon,False,2,75,95,95,95,95,85,540
250,231,Phanpy,Ground,,False,2,90,60,60,40,40,40,330
251,232,Donphan,Ground,,False,2,90,120,120,60,60,50,500
252,233,Porygon2,Normal,,False,2,85,80,90,105,95,60,515
253,234,Stantler,Normal,,False,2,73,95,62,85,65,85,465
254,235,Smeargle,Normal,,False,2,55,20,35,20,45,75,250
255,236,Tyrogue,Fighting,,False,2,35,35,35,35,35,35,210
256,237,Hitmontop,Fighting,,False,2,50,95,95,35,110,70,455
257,238,Smoochum,Ice,Psychic,False,2,45,30,15,85,65,65,305
258,239,Elekid,Electric,,False,2,45,63,37,65,55,95,360
259,240,Magby,Fire,,False,2,45,75,37,70,55,83,365
260,241,Miltank,Normal,,False,2,95,80,105,40,70,100,490
261,242,Blissey,Normal,,False,2,255,10,10,75,135,55,540
262,243,Raikou,Electric,,True,2,90,85,75,115,100,115,580
263,244,Entei,Fire,,True,2,115,115,85,90,75,100,580
264,245,Suicune,Water,,True,2,100,75,115,90,115,85,580
265,246,Larvitar,Rock,Ground,False,2,50,64,50,45,50,41,300
266,247,Pupitar,Rock,Ground,False,2,70,84,70,65,70,51,410
267,248,Tyranitar,Rock,Dark,False,2,100,134,110,95,100,61,600
268,248,TyranitarMega Tyranitar,Rock,Dark,False,2,100,164,150,95,120,71,700
269,249,Lugia,Psychic,Flying,True,2,106,90,130,90,154,110,680
270,250,Ho-oh,Fire,Flying,True,2,106,130,90,110,154,90,680
271,251,Celebi,Psychic,Grass,False,2,100,100,100,100,100,100,600
272,252,Treecko,Grass,,False,3,40,45,35,65,55,70,310
273,253,Grovyle,Grass,,False,3,50,65,45,85,65,95,405
274,254,Sceptile,Grass,,False,3,70,85,65,105,85,120,530
275,254,SceptileMega Sceptile,Grass,Dragon,False,3,70,110,75,145,85,145,630
276,255,Torchic,Fire,,False,3,45,60,40,70,50,45,310
277,256,Combusken,Fire,Fighting,False,3,60,85,60,85,60,55,405
278,257,Blaziken,Fire,Fighting,False,3,80,120,70,110,70,80,530
279,257,BlazikenMega Blaziken,Fire,Fighting,False,3,80,160,80,130,80,100,630
280,258,Mudkip,Water,,False,3,50,70,50,50,50,40,310
281,259,Marshtomp,Water,Ground,False,3,70,85,70,60,70,50,405
282,260,Swampert,Water,Ground,False,3,100,110,90,85,90,60,535
283,260,SwampertMega Swampert,Water,Ground,False,3,100,150,110,95,110,70,635
284,261,Poochyena,Dark,,False,3,35,55,35,30,30,35,220
285,262,Mightyena,Dark,,False,3,70,90,70,60,60,70,420
286,263,Zigzagoon,Normal,,False,3,38,30,41,30,41,60,240
287,264,Linoone,Normal,,False,3,78,70,61,50,61,100,420
288,265,Wurmple,Bug,,False,3,45,45,35,20,30,20,195
289,266,Silcoon,Bug,,False,3,50,35,55,25,25,15,205
290,267,Beautifly,Bug,Flying,False,3,60,70,50,100,50,65,395
291,268,Cascoon,Bug,,False,3,50,35,55,25,25,15,205
292,269,Dustox,Bug,Poison,False,3,60,50,70,50,90,65,385
293,270,Lotad,Water,Grass,False,3,40,30,30,40,50,30,220
294,271,Lombre,Water,Grass,False,3,60,50,50,60,70,50,340
295,272,Ludicolo,Water,Grass,False,3,80,70,70,90,100,70,480
296,273,Seedot,Grass,,False,3,40,40,50,30,30,30,220
297,274,Nuzleaf,Grass,Dark,False,3,70,70,40,60,40,60,340
298,275,Shiftry,Grass,Dark,False,3,90,100,60,90,60,80,480
299,276,Taillow,Normal,Flying,False,3,40,55,30,30,30,85,270
300,277,Swellow,Normal,Flying,False,3,60,85,60,50,50,125,430
301,278,Wingull,Water,Flying,False,3,40,30,30,55,30,85,270
302,279,Pelipper,Water,Flying,False,3,60,50,100,85,70,65,430
303,280,Ralts,Psychic,Fairy,False,3,28,25,25,45,35,40,198
304,281,Kirlia,Psychic,Fairy,False,3,38,35,35,65,55,50,278
305,282,Gardevoir,Psychic,Fairy,False,3,68,65,65,125,115,80,518
306,282,GardevoirMega Gardevoir,Psychic,Fairy,False,3,68,85,65,165,135,100,618
307,283,Surskit,Bug,Water,False,3,40,30,32,50,52,65,269
308,284,Masquerain,Bug,Flying,False,3,70,60,62,80,82,60,414
309,285,Shroomish,Grass,,False,3,60,40,60,40,60,35,295
310,286,Breloom,Grass,Fighting,False,3,60,130,80,60,60,70,460
311,287,Slakoth,Normal,,False,3,60,60,60,35,35,30,280
312,288,Vigoroth,Normal,,False,3,80,80,80,55,55,90,440
313,289,Slaking,Normal,,False,3,150,160,100,95,65,100,670
314,290,Nincada,Bug,Ground,False,3,31,45,90,30,30,40,266
315,291,Ninjask,Bug,Flying,False,3,61,90,45,50,50,160,456
316,292,Shedinja,Bug,Ghost,False,3,1,90,45,30,30,40,236
317,293,Whismur,Normal,,False,3,64,51,23,51,23,28,240
318,294,Loudred,Normal,,False,3,84,71,43,71,43,48,360
319,295,Exploud,Normal,,False,3,104,91,63,91,73,68,490
320,296,Makuhita,Fighting,,False,3,72,60,30,20,30,25,237
321,297,Hariyama,Fighting,,False,3,144,120,60,40,60,50,474
322,298,Azurill,Normal,Fairy,False,3,50,20,40,20,40,20,190
323,299,Nosepass,Rock,,False,3,30,45,135,45,90,30,375
324,300,Skitty,Normal,,False,3,50,45,45,35,35,50,260
325,301,Delcatty,Normal,,False,3,70,65,65,55,55,70,380
326,302,Sableye,Dark,Ghost,False,3,50,75,75,65,65,50,380
327,302,SableyeMega Sableye,Dark,Ghost,False,3,50,85,125,85,115,20,480
328,303,Mawile,Steel,Fairy,False,3,50,85,85,55,55,50,380
329,303,MawileMega Mawile,Steel,Fairy,False,3,50,105,125,55,95,50,480
330,304,Aron,Steel,Rock,False,3,50,70,100,40,40,30,330
331,305,Lairon,Steel,Rock,False,3,60,90,140,50,50,40,430
332,306,Aggron,Steel,Rock,False,3,70,110,180,60,60,50,530
333,306,AggronMega Aggron,Steel,,False,3,70,140,230,60,80,50,630
334,307,Meditite,Fighting,Psychic,False,3,30,40,55,40,55,60,280
335,308,Medicham,Fighting,Psychic,False,3,60,60,75,60,75,80,410
336,308,MedichamMega Medicham,Fighting,Psychic,False,3,60,100,85,80,85,100,510
337,309,Electrike,Electric,,False,3,40,45,40,65,40,65,295
338,310,Manectric,Electric,,False,3,70,75,60,105,60,105,475
339,310,ManectricMega Manectric,Electric,,False,3,70,75,80,135,80,135,575
340,311,Plusle,Electric,,False,3,60,50,40,85,75,95,405
341,312,Minun,Electric,,False,3,60,40,50,75,85,95,405
342,313,Volbeat,Bug,,False,3,65,73,55,47,75,85,400
343,314,Illumise,Bug,,False,3,65,47,55,73,75,85,400
344,315,Roselia,Grass,Poison,False,3,50,60,45,100,80,65,400
345,316,Gulpin,Poison,,False,3,70,43,53,43,53,40,302
346,317,Swalot,Poison,,False,3,100,73,83,73,83,55,467
347,318,Carvanha,Water,Dark,False,3,45,90,20,65,20,65,305
348,319,Sharpedo,Water,Dark,False,3,70,120,40,95,40,95,460
349,319,SharpedoMega Sharpedo,Water,Dark,False,3,70,140,70,110,65,105,560
350,320,Wailmer,Water,,False,3,130,70,35,70,35,60,400
351,321,Wailord,Water,,False,3,170,90,45,90,45,60,500
352,322,Numel,Fire,Ground,False,3,60,60,40,65,45,35,305
353,323,Camerupt,Fire,Ground,False,3,70,100,70,105,75,40,460
354,323,CameruptMega Camerupt,Fire,Ground,False,3,70,120,100,145,105,20,560
355,324,Torkoal,Fire,,False,3,70,85,140,85,70,20,470
356,325,Spoink,Psychic,,False,3,60,25,35,70,80,60,330
357,326,Grumpig,Psychic,,False,3,80,45,65,90,110,80,470
358,327,Spinda,Normal,,False,3,60,60,60,60,60,60,360
359,328,Trapinch,Ground,,False,3,45,100,45,45,45,10,290
360,329,Vibrava,Ground,Dragon,False,3,50,70,50,50,50,70,340
361,330,Flygon,Ground,Dragon,False,3,80,100,80,80,80,100,520
362,331,Cacnea,Grass,,False,3,50,85,40,85,40,35,335
363,332,Cacturne,Grass,Dark,False,3,70,115,60,115,60,55,475
364,333,Swablu,Normal,Flying,False,3,45,40,60,40,75,50,310
365,334,Altaria,Dragon,Flying,False,3,75,70,90,70,105,80,490
366,334,AltariaMega Altaria,Dragon,Fairy,False,3,75,110,110,110,105,80,590
367,335,Zangoose,Normal,,False,3,73,115,60,60,60,90,458
368,336,Seviper,Poison,,False,3,73,100,60,100,60,65,458
369,337,Lunatone,Rock,Psychic,False,3,70,55,65,95,85,70,440
370,338,Solrock,Rock,Psychic,False,3,70,95,85,55,65,70,440
371,339,Barboach,Water,Ground,False,3,50,48,43,46,41,60,288
372,340,Whiscash,Water,Ground,False,3,110,78,73,76,71,60,468
373,341,Corphish,Water,,False,3,43,80,65,50,35,35,308
374,342,Crawdaunt,Water,Dark,False,3,63,120,85,90,55,55,468
375,343,Baltoy,Ground,Psychic,False,3,40,40,55,40,70,55,300
376,344,Claydol,Ground,Psychic,False,3,60,70,105,70,120,75,500
377,345,Lileep,Rock,Grass,False,3,66,41,77,61,87,23,355
378,346,Cradily,Rock,Grass,False,3,86,81,97,81,107,43,495
379,347,Anorith,Rock,Bug,False,3,45,95,50,40,50,75,355
380,348,Armaldo,Rock,Bug,False,3,75,125,100,70,80,45,495
381,349,Feebas,Water,,False,3,20,15,20,10,55,80,200
382,350,Milotic,Water,,False,3,95,60,79,100,125,81,540
383,351,Castform,Normal,,False,3,70,70,70,70,70,70,420
384,352,Kecleon,Normal,,False,3,60,90,70,60,120,40,440
385,353,Shuppet,Ghost,,False,3,44,75,35,63,33,45,295
386,354,Banette,Ghost,,False,3,64,115,65,83,63,65,455
387,354,BanetteMega Banette,Ghost,,False,3,64,165,75,93,83,75,555
388,355,Duskull,Ghost,,False,3,20,40,90,30,90,25,295
389,356,Dusclops,Ghost,,False,3,40,70,130,60,130,25,455
390,357,Tropius,Grass,Flying,False,3,99,68,83,72,87,51,460
391,358,Chimecho,Psychic,,False,3,65,50,70,95,80,65,425
392,359,Absol,Dark,,False,3,65,130,60,75,60,75,465
393,359,AbsolMega Absol,Dark,,False,3,65,150,60,115,60,115,565
394,360,Wynaut,Psychic,,False,3,95,23,48,23,48,23,260
395,361,Snorunt,Ice,,False,3,50,50,50,50,50,50,300
396,362,Glalie,Ice,,False,3,80,80,80,80,80,80,480
397,362,GlalieMega Glalie,Ice,,False,3,80,120,80,120,80,100,580
398,363,Spheal,Ice,Water,False,3,70,40,50,55,50,25,290
399,364,Sealeo,Ice,Water,False,3,90,60,70,75,70,45,410
400,365,Walrein,Ice,Water,False,3,110,80,90,95,90,65,530
401,366,Clamperl,Water,,False,3,35,64,85,74,55,32,345
402,367,Huntail,Water,,False,3,55,104,105,94,75,52,485
403,368,Gorebyss,Water,,False,3,55,84,105,114,75,52,485
404,369,Relicanth,Water,Rock,False,3,100,90,130,45,65,55,485
405,370,Luvdisc,Water,,False,3,43,30,55,40,65,97,330
406,371,Bagon,Dragon,,False,3,45,75,60,40,30,50,300
407,372,Shelgon,Dragon,,False,3,65,95,100,60,50,50,420
408,373,Salamence,Dragon,Flying,False,3,95,135,80,110,80,100,600
409,373,SalamenceMega Salamence,Dragon,Flying,False,3,95,145,130,120,90,120,700
410,374,Beldum,Steel,Psychic,False,3,40,55,80,35,60,30,300
411,375,Metang,Steel,Psychic,False,3,60,75,100,55,80,50,420
412,376,Metagross,Steel,Psychic,False,3,80,135,130,95,90,70,600
413,376,MetagrossMega Metagross,Steel,Psychic,False,3,80,145,150,105,110,110,700
414,377,Regirock,Rock,,True,3,80,100,200,50,100,50,580
415,378,Regice,Ice,,True,3,80,50,100,100,200,50,580
416,379,Registeel,Steel,,True,3,80,75,150,75,150,50,580
417,380,Latias,Dragon,Psychic,True,3,80,80,90,110,130,110,600
418,380,LatiasMega Latias,Dragon,Psychic,True,3,80,100,120,140,150,110,700
419,381,Latios,Dragon,Psychic,True,3,80,90,80,130,110,110,600
420,381,LatiosMega Latios,Dragon,Psychic,True,3,80,130,100,160,120,110,700
421,382,Kyogre,Water,,True,3,100,100,90,150,140,90,670
422,382,KyogrePrimal Kyogre,Water,,True,3,100,150,90,180,160,90,770
423,383,Groudon,Ground,,True,3,100,150,140,100,90,90,670
424,383,GroudonPrimal Groudon,Ground,Fire,True,3,100,180,160,150,90,90,770
425,384,Rayquaza,Dragon,Flying,True,3,105,150,90,150,90,95,680
426,384,RayquazaMega Rayquaza,Dragon,Flying,True,3,105,180,100,180,100,115,780
427,385,Jirachi,Steel,Psychic,True,3,100,100,100,100,100,100,600
428,386,DeoxysNormal Forme,Psychic,,True,3,50,150,50,150,50,150,600
429,386,DeoxysAttack Forme,Psychic,,True,3,50,180,20,180,20,150,600
430,386,DeoxysDefense Forme,Psychic,,True,3,50,70,160,70,160,90,600
431,386,DeoxysSpeed Forme,Psychic,,True,3,50,95,90,95,90,180,600
432,387,Turtwig,Grass,,False,4,55,68,64,45,55,31,318
433,388,Grotle,Grass,,False,4,75,89,85,55,65,36,405
434,389,Torterra,Grass,Ground,False,4,95,109,105,75,85,56,525
435,390,Chimchar,Fire,,False,4,44,58,44,58,44,61,309
436,391,Monferno,Fire,Fighting,False,4,64,78,52,78,52,81,405
437,392,Infernape,Fire,Fighting,False,4,76,104,71,104,71,108,534
438,393,Piplup,Water,,False,4,53,51,53,61,56,40,314
439,394,Prinplup,Water,,False,4,64,66,68,81,76,50,405
440,395,Empoleon,Water,Steel,False,4,84,86,88,111,101,60,530
441,396,Starly,Normal,Flying,False,4,40,55,30,30,30,60,245
442,397,Staravia,Normal,Flying,False,4,55,75,50,40,40,80,340
443,398,Staraptor,Normal,Flying,False,4,85,120,70,50,60,100,485
444,399,Bidoof,Normal,,False,4,59,45,40,35,40,31,250
445,400,Bibarel,Normal,Water,False,4,79,85,60,55,60,71,410
446,401,Kricketot,Bug,,False,4,37,25,41,25,41,25,194
447,402,Kricketune,Bug,,False,4,77,85,51,55,51,65,384
448,403,Shinx,Electric,,False,4,45,65,34,40,34,45,263
449,404,Luxio,Electric,,False,4,60,85,49,60,49,60,363
450,405,Luxray,Electric,,False,4,80,120,79,95,79,70,523
451,406,Budew,Grass,Poison,False,4,40,30,35,50,70,55,280
452,407,Roserade,Grass,Poison,False,4,60,70,65,125,105,90,515
453,408,Cranidos,Rock,,False,4,67,125,40,30,30,58,350
454,409,Rampardos,Rock,,False,4,97,165,60,65,50,58,495
455,410,Shieldon,Rock,Steel,False,4,30,42,118,42,88,30,350
456,411,Bastiodon,Rock,Steel,False,4,60,52,168,47,138,30,495
457,412,Burmy,Bug,,False,4,40,29,45,29,45,36,224
458,413,WormadamPlant Cloak,Bug,Grass,False,4,60,59,85,79,105,36,424
459,413,WormadamSandy Cloak,Bug,Ground,False,4,60,79,105,59,85,36,424
460,413,WormadamTrash Cloak,Bug,Steel,False,4,60,69,95,69,95,36,424
461,414,Mothim,Bug,Flying,False,4,70,94,50,94,50,66,424
462,415,Combee,Bug,Flying,False,4,30,30,42,30,42,70,244
463,416,Vespiquen,Bug,Flying,False,4,70,80,102,80,102,40,474
464,417,Pachirisu,Electric,,False,4,60,45,70,45,90,95,405
465,418,Buizel,Water,,False,4,55,65,35,60,30,85,330
466,419,Floatzel,Water,,False,4,85,105,55,85,50,115,495
467,420,Cherubi,Grass,,False,4,45,35,45,62,53,35,275
468,421,Cherrim,Grass,,False,4,70,60,70,87,78,85,450
469,422,Shellos,Water,,False,4,76,48,48,57,62,34,325
470,423,Gastrodon,Water,Ground,False,4,111,83,68,92,82,39,475
471,424,Ambipom,Normal,,False,4,75,100,66,60,66,115,482
472,425,Drifloon,Ghost,Flying,False,4,90,50,34,60,44,70,348
473,426,Drifblim,Ghost,Flying,False,4,150,80,44,90,54,80,498
474,427,Buneary,Normal,,False,4,55,66,44,44,56,85,350
475,428,Lopunny,Normal,,False,4,65,76,84,54,96,105,480
476,428,LopunnyMega Lopunny,Normal,Fighting,False,4,65,136,94,54,96,135,580
477,429,Mismagius,Ghost,,False,4,60,60,60,105,105,105,495
478,430,Honchkrow,Dark,Flying,False,4,100,125,52,105,52,71,505
479,431,Glameow,Normal,,False,4,49,55,42,42,37,85,310
480,432,Purugly,Normal,,False,4,71,82,64,64,59,112,452
481,433,Chingling,Psychic,,False,4,45,30,50,65,50,45,285
482,434,Stunky,Poison,Dark,False,4,63,63,47,41,41,74,329
483,435,Skuntank,Poison,Dark,False,4,103,93,67,71,61,84,479
484,436,Bronzor,Steel,Psychic,False,4,57,24,86,24,86,23,300
485,437,Bronzong,Steel,Psychic,False,4,67,89,116,79,116,33,500
486,438,Bonsly,Rock,,False,4,50,80,95,10,45,10,290
487,439,Mime Jr.,Psychic,Fairy,False,4,20,25,45,70,90,60,310
488,440,Happiny,Normal,,False,4,100,5,5,15,65,30,220
489,441,Chatot,Normal,Flying,False,4,76,65,45,92,42,91,411
490,442,Spiritomb,Ghost,Dark,False,4,50,92,108,92,108,35,485
491,443,Gible,Dragon,Ground,False,4,58,70,45,40,45,42,300
492,444,Gabite,Dragon,Ground,False,4,68,90,65,50,55,82,410
493,445,Garchomp,Dragon,Ground,False,4,108,130,95,80,85,102,600
494,445,GarchompMega Garchomp,Dragon,Ground,False,4,108,170,115,120,95,92,700
495,446,Munchlax,Normal,,False,4,135,85,40,40,85,5,390
496,447,Riolu,Fighting,,False,4,40,70,40,35,40,60,285
497,448,Lucario,Fighting,Steel,False,4,70,110,70,115,70,90,525
498,448,LucarioMega Lucario,Fighting,Steel,False,4,70,145,88,140,70,112,625
499,449,Hippopotas,Ground,,False,4,68,72,78,38,42,32,330
500,450,Hippowdon,Ground,,False,4,108,112,118,68,72,47,525
501,451,Skorupi,Poison,Bug,False,4,40,50,90,30,55,65,330
502,452,Drapion,Poison,Dark,False,4,70,90,110,60,75,95,500
503,453,Croagunk,Poison,Fighting,False,4,48,61,40,61,40,50,300
504,454,Toxicroak,Poison,Fighting,False,4,83,106,65,86,65,85,490
505,455,Carnivine,Grass,,False,4,74,100,72,90,72,46,454
506,456,Finneon,Water,,False,4,49,49,56,49,61,66,330
507,457,Lumineon,Water,,False,4,69,69,76,69,86,91,460
508,458,Mantyke,Water,Flying,False,4,45,20,50,60,120,50,345
509,459,Snover,Grass,Ice,False,4,60,62,50,62,60,40,334
510,460,Abomasnow,Grass,Ice,False,4,90,92,75,92,85,60,494
511,460,AbomasnowMega Abomasnow,Grass,Ice,False,4,90,132,105,132,105,30,594
512,461,Weavile,Dark,Ice,False,4,70,120,65,45,85,125,510
513,462,Magnezone,Electric,Steel,False,4,70,70,115,130,90,60,535
514,463,Lickilicky,Normal,,False,4,110,85,95,80,95,50,515
515,464,Rhyperior,Ground,Rock,False,4,115,140,130,55,55,40,535
516,465,Tangrowth,Grass,,False,4,100,100,125,110,50,50,535
517,466,Electivire,Electric,,False,4,75,123,67,95,85,95,540
518,467,Magmortar,Fire,,False,4,75,95,67,125,95,83,540
519,468,Togekiss,Fairy,Flying,False,4,85,50,95,120,115,80,545
520,469,Yanmega,Bug,Flying,False,4,86,76,86,116,56,95,515
521,470,Leafeon,Grass,,False,4,65,110,130,60,65,95,525
522,471,Glaceon,Ice,,False,4,65,60,110,130,95,65,525
523,472,Gliscor,Ground,Flying,False,4,75,95,125,45,75,95,510
524,473,Mamoswine,Ice,Ground,False,4,110,130,80,70,60,80,530
525,474,Porygon-Z,Normal,,False,4,85,80,70,135,75,90,535
526,475,Gallade,Psychic,Fighting,False,4,68,125,65,65,115,80,518
527,475,GalladeMega Gallade,Psychic,Fighting,False,4,68,165,95,65,115,110,618
528,476,Probopass,Rock,Steel,False,4,60,55,145,75,150,40,525
529,477,Dusknoir,Ghost,,False,4,45,100,135,65,135,45,525
530,478,Froslass,Ice,Ghost,False,4,70,80,70,80,70,110,480
531,479,Rotom,Electric,Ghost,False,4,50,50,77,95,77,91,440
532,479,RotomHeat Rotom,Electric,Fire,False,4,50,65,107,105,107,86,520
533,479,RotomWash Rotom,Electric,Water,False,4,50,65,107,105,107,86,520
534,479,RotomFrost Rotom,Electric,Ice,False,4,50,65,107,105,107,86,520
535,479,RotomFan Rotom,Electric,Flying,False,4,50,65,107,105,107,86,520
536,479,RotomMow Rotom,Electric,Grass,False,4,50,65,107,105,107,86,520
537,480,Uxie,Psychic,,True,4,75,75,130,75,130,95,580
538,481,Mesprit,Psychic,,True,4,80,105,105,105,105,80,580
539,482,Azelf,Psychic,,True,4,75,125,70,125,70,115,580
540,483,Dialga,Steel,Dragon,True,4,100,120,120,150,100,90,680
541,484,Palkia,Water,Dragon,True,4,90,120,100,150,120,100,680
542,485,Heatran,Fire,Steel,True,4,91,90,106,130,106,77,600
543,486,Regigigas,Normal,,True,4,110,160,110,80,110,100,670
544,487,GiratinaAltered Forme,Ghost,Dragon,True,4,150,100,120,100,120,90,680
545,487,GiratinaOrigin Forme,Ghost,Dragon,True,4,150,120,100,120,100,90,680
546,488,Cresselia,Psychic,,False,4,120,70,120,75,130,85,600
547,489,Phione,Water,,False,4,80,80,80,80,80,80,480
548,490,Manaphy,Water,,False,4,100,100,100,100,100,100,600
549,491,Darkrai,Dark,,True,4,70,90,90,135,90,125,600
550,492,ShayminLand Forme,Grass,,True,4,100,100,100,100,100,100,600
551,492,ShayminSky Forme,Grass,Flying,True,4,100,103,75,120,75,127,600
552,493,Arceus,Normal,,True,4,120,120,120,120,120,120,720
553,494,Victini,Psychic,Fire,True,5,100,100,100,100,100,100,600
554,495,Snivy,Grass,,False,5,45,45,55,45,55,63,308
555,496,Servine,Grass,,False,5,60,60,75,60,75,83,413
556,497,Serperior,Grass,,False,5,75,75,95,75,95,113,528
557,498,Tepig,Fire,,False,5,65,63,45,45,45,45,308
558,499,Pignite,Fire,Fighting,False,5,90,93,55,70,55,55,418
559,500,Emboar,Fire,Fighting,False,5,110,123,65,100,65,65,528
560,501,Oshawott,Water,,False,5,55,55,45,63,45,45,308
561,502,Dewott,Water,,False,5,75,75,60,83,60,60,413
562,503,Samurott,Water,,False,5,95,100,85,108,70,70,528
563,504,Patrat,Normal,,False,5,45,55,39,35,39,42,255
564,505,Watchog,Normal,,False,5,60,85,69,60,69,77,420
565,506,Lillipup,Normal,,False,5,45,60,45,25,45,55,275
566,507,Herdier,Normal,,False,5,65,80,65,35,65,60,370
567,508,Stoutland,Normal,,False,5,85,110,90,45,90,80,500
568,509,Purrloin,Dark,,False,5,41,50,37,50,37,66,281
569,510,Liepard,Dark,,False,5,64,88,50,88,50,106,446
570,511,Pansage,Grass,,False,5,50,53,48,53,48,64,316
571,512,Simisage,Grass,,False,5,75,98,63,98,63,101,498
572,513,Pansear,Fire,,False,5,50,53,48,53,48,64,316
573,514,Simisear,Fire,,False,5,75,98,63,98,63,101,498
574,515,Panpour,Water,,False,5,50,53,48,53,48,64,316
575,516,Simipour,Water,,False,5,75,98,63,98,63,101,498
576,517,Munna,Psychic,,False,5,76,25,45,67,55,24,292
577,518,Musharna,Psychic,,False,5,116,55,85,107,95,29,487
578,519,Pidove,Normal,Flying,False,5,50,55,50,36,30,43,264
579,520,Tranquill,Normal,Flying,False,5,62,77,62,50,42,65,358
580,521,Unfezant,Normal,Flying,False,5,80,115,80,65,55,93,488
581,522,Blitzle,Electric,,False,5,45,60,32,50,32,76,295
582,523,Zebstrika,Electric,,False,5,75,100,63,80,63,116,497
583,524,Roggenrola,Rock,,False,5,55,75,85,25,25,15,280
584,525,Boldore,Rock,,False,5,70,105,105,50,40,20,390
585,526,Gigalith,Rock,,False,5,85,135,130,60,80,25,515
586,527,Woobat,Psychic,Flying,False,5,55,45,43,55,43,72,313
587,528,Swoobat,Psychic,Flying,False,5,67,57,55,77,55,114,425
588,529,Drilbur,Ground,,False,5,60,85,40,30,45,68,328
589,530,Excadrill,Ground,Steel,False,5,110,135,60,50,65,88,508
590,531,Audino,Normal,,False,5,103,60,86,60,86,50,445
591,531,AudinoMega Audino,Normal,Fairy,False,5,103,60,126,80,126,50,545
592,532,Timburr,Fighting,,False,5,75,80,55,25,35,35,305
593,533,Gurdurr,Fighting,,False,5,85,105,85,40,50,40,405
594,534,Conkeldurr,Fighting,,False,5,105,140,95,55,65,45,505
595,535,Tympole,Water,,False,5,50,50,40,50,40,64,294
596,536,Palpitoad,Water,Ground,False,5,75,65,55,65,55,69,384
597,537,Seismitoad,Water,Ground,False,5,105,95,75,85,75,74,509
598,538,Throh,Fighting,,False,5,120,100,85,30,85,45,465
599,539,Sawk,Fighting,,False,5,75,125,75,30,75,85,465
600,540,Sewaddle,Bug,Grass,False,5,45,53,70,40,60,42,310
601,541,Swadloon,Bug,Grass,False,5,55,63,90,50,80,42,380
602,542,Leavanny,Bug,Grass,False,5,75,103,80,70,80,92,500
603,543,Venipede,Bug,Poison,False,5,30,45,59,30,39,57,260
604,544,Whirlipede,Bug,Poison,False,5,40,55,99,40,79,47,360
605,545,Scolipede,Bug,Poison,False,5,60,100,89,55,69,112,485
606,546,Cottonee,Grass,Fairy,False,5,40,27,60,37,50,66,280
607,547,Whimsicott,Grass,Fairy,False,5,60,67,85,77,75,116,480
608,548,Petilil,Grass,,False,5,45,35,50,70,50,30,280
609,549,Lilligant,Grass,,False,5,70,60,75,110,75,90,480
610,550,Basculin,Water,,False,5,70,92,65,80,55,98,460
611,551,Sandile,Ground,Dark,False,5,50,72,35,35,35,65,292
612,552,Krokorok,Ground,Dark,False,5,60,82,45,45,45,74,351
613,553,Krookodile,Ground,Dark,False,5,95,117,80,65,70,92,519
614,554,Darumaka,Fire,,False,5,70,90,45,15,45,50,315
615,555,DarmanitanStandard Mode,Fire,,False,5,105,140,55,30,55,95,480
616,555,DarmanitanZen Mode,Fire,Psychic,False,5,105,30,105,140,105,55,540
617,556,Maractus,Grass,,False,5,75,86,67,106,67,60,461
618,557,Dwebble,Bug,Rock,False,5,50,65,85,35,35,55,325
619,558,Crustle,Bug,Rock,False,5,70,95,125,65,75,45,475
620,559,Scraggy,Dark,Fighting,False,5,50,75,70,35,70,48,348
621,560,Scrafty,Dark,Fighting,False,5,65,90,115,45,115,58,488
622,561,Sigilyph,Psychic,Flying,False,5,72,58,80,103,80,97,490
623,562,Yamask,Ghost,,False,5,38,30,85,55,65,30,303
624,563,Cofagrigus,Ghost,,False,5,58,50,145,95,105,30,483
625,564,Tirtouga,Water,Rock,False,5,54,78,103,53,45,22,355
626,565,Carracosta,Water,Rock,False,5,74,108,133,83,65,32,495
627,566,Archen,Rock,Flying,False,5,55,112,45,74,45,70,401
628,567,Archeops,Rock,Flying,False,5,75,140,65,112,65,110,567
629,568,Trubbish,Poison,,False,5,50,50,62,40,62,65,329
630,569,Garbodor,Poison,,False,5,80,95,82,60,82,75,474
631,570,Zorua,Dark,,False,5,40,65,40,80,40,65,330
632,571,Zoroark,Dark,,False,5,60,105,60,120,60,105,510
633,572,Minccino,Normal,,False,5,55,50,40,40,40,75,300
634,573,Cinccino,Normal,,False,5,75,95,60,65,60,115,470
635,574,Gothita,Psychic,,False,5,45,30,50,55,65,45,290
636,575,Gothorita,Psychic,,False,5,60,45,70,75,85,55,390
637,576,Gothitelle,Psychic,,False,5,70,55,95,95,110,65,490
638,577,Solosis,Psychic,,False,5,45,30,40,105,50,20,290
639,578,Duosion,Psychic,,False,5,65,40,50,125,60,30,370
640,579,Reuniclus,Psychic,,False,5,110,65,75,125,85,30,490
641,580,Ducklett,Water,Flying,False,5,62,44,50,44,50,55,305
642,581,Swanna,Water,Flying,False,5,75,87,63,87,63,98,473
643,582,Vanillite,Ice,,False,5,36,50,50,65,60,44,305
644,583,Vanillish,Ice,,False,5,51,65,65,80,75,59,395
645,584,Vanilluxe,Ice,,False,5,71,95,85,110,95,79,535
646,585,Deerling,Normal,Grass,False,5,60,60,50,40,50,75,335
647,586,Sawsbuck,Normal,Grass,False,5,80,100,70,60,70,95,475
648,587,Emolga,Electric,Flying,False,5,55,75,60,75,60,103,428
649,588,Karrablast,Bug,,False,5,50,75,45,40,45,60,315
650,589,Escavalier,Bug,Steel,False,5,70,135,105,60,105,20,495
651,590,Foongus,Grass,Poison,False,5,69,55,45,55,55,15,294
652,591,Amoonguss,Grass,Poison,False,5,114,85,70,85,80,30,464
653,592,Frillish,Water,Ghost,False,5,55,40,50,65,85,40,335
654,593,Jellicent,Water,Ghost,False,5,100,60,70,85,105,60,480
655,594,Alomomola,Water,,False,5,165,75,80,40,45,65,470
656,595,Joltik,Bug,Electric,False,5,50,47,50,57,50,65,319
657,596,Galvantula,Bug,Electric,False,5,70,77,60,97,60,108,472
658,597,Ferroseed,Grass,Steel,False,5,44,50,91,24,86,10,305
659,598,Ferrothorn,Grass,Steel,False,5,74,94,131,54,116,20,489
660,599,Klink,Steel,,False,5,40,55,70,45,60,30,300
661,600,Klang,Steel,,False,5,60,80,95,70,85,50,440
662,601,Klinklang,Steel,,False,5,60,100,115,70,85,90,520
663,602,Tynamo,Electric,,False,5,35,55,40,45,40,60,275
664,603,Eelektrik,Electric,,False,5,65,85,70,75,70,40,405
665,604,Eelektross,Electric,,False,5,85,115,80,105,80,50,515
666,605,Elgyem,Psychic,,False,5,55,55,55,85,55,30,335
667,606,Beheeyem,Psychic,,False,5,75,75,75,125,95,40,485
668,607,Litwick,Ghost,Fire,False,5,50,30,55,65,55,20,275
669,608,Lampent,Ghost,Fire,False,5,60,40,60,95,60,55,370
670,609,Chandelure,Ghost,Fire,False,5,60,55,90,145,90,80,520
671,610,Axew,Dragon,,False,5,46,87,60,30,40,57,320
672,611,Fraxure,Dragon,,False,5,66,117,70,40,50,67,410
673,612,Haxorus,Dragon,,False,5,76,147,90,60,70,97,540
674,613,Cubchoo,Ice,,False,5,55,70,40,60,40,40,305
675,614,Beartic,Ice,,False,5,95,110,80,70,80,50,485
676,615,Cryogonal,Ice,,False,5,70,50,30,95,135,105,485
677,616,Shelmet,Bug,,False,5,50,40,85,40,65,25,305
678,617,Accelgor,Bug,,False,5,80,70,40,100,60,145,495
679,618,Stunfisk,Ground,Electric,False,5,109,66,84,81,99,32,471
680,619,Mienfoo,Fighting,,False,5,45,85,50,55,50,65,350
681,620,Mienshao,Fighting,,False,5,65,125,60,95,60,105,510
682,621,Druddigon,Dragon,,False,5,77,120,90,60,90,48,485
683,622,Golett,Ground,Ghost,False,5,59,74,50,35,50,35,303
684,623,Golurk,Ground,Ghost,False,5,89,124,80,55,80,55,483
685,624,Pawniard,Dark,Steel,False,5,45,85,70,40,40,60,340
686,625,Bisharp,Dark,Steel,False,5,65,125,100,60,70,70,490
687,626,Bouffalant,Normal,,False,5,95,110,95,40,95,55,490
688,627,Rufflet,Normal,Flying,False,5,70,83,50,37,50,60,350
689,628,Braviary,Normal,Flying,False,5,100,123,75,57,75,80,510
690,629,Vullaby,Dark,Flying,False,5,70,55,75,45,65,60,370
691,630,Mandibuzz,Dark,Flying,False,5,110,65,105,55,95,80,510
692,631,Heatmor,Fire,,False,5,85,97,66,105,66,65,484
693,632,Durant,Bug,Steel,False,5,58,109,112,48,48,109,484
694,633,Deino,Dark,Dragon,False,5,52,65,50,45,50,38,300
695,634,Zweilous,Dark,Dragon,False,5,72,85,70,65,70,58,420
696,635,Hydreigon,Dark,Dragon,False,5,92,105,90,125,90,98,600
697,636,Larvesta,Bug,Fire,False,5,55,85,55,50,55,60,360
698,637,Volcarona,Bug,Fire,False,5,85,60,65,135,105,100,550
699,638,Cobalion,Steel,Fighting,True,5,91,90,129,90,72,108,580
700,639,Terrakion,Rock,Fighting,True,5,91,129,90,72,90,108,580
701,640,Virizion,Grass,Fighting,True,5,91,90,72,90,129,108,580
702,641,TornadusIncarnate Forme,Flying,,True,5,79,115,70,125,80,111,580
703,641,TornadusTherian Forme,Flying,,True,5,79,100,80,110,90,121,580
704,642,ThundurusIncarnate Forme,Electric,Flying,True,5,79,115,70,125,80,111,580
705,642,ThundurusTherian Forme,Electric,Flying,True,5,79,105,70,145,80,101,580
706,643,Reshiram,Dragon,Fire,True,5,100,120,100,150,120,90,680
707,644,Zekrom,Dragon,Electric,True,5,100,150,120,120,100,90,680
708,645,LandorusIncarnate Forme,Ground,Flying,True,5,89,125,90,115,80,101,600
709,645,LandorusTherian Forme,Ground,Flying,True,5,89,145,90,105,80,91,600
710,646,Kyurem,Dragon,Ice,True,5,125,130,90,130,90,95,660
711,646,KyuremBlack Kyurem,Dragon,Ice,True,5,125,170,100,120,90,95,700
712,646,KyuremWhite Kyurem,Dragon,Ice,True,5,125,120,90,170,100,95,700
713,647,KeldeoOrdinary Forme,Water,Fighting,False,5,91,72,90,129,90,108,580
714,647,KeldeoResolute Forme,Water,Fighting,False,5,91,72,90,129,90,108,580
715,648,MeloettaAria Forme,Normal,Psychic,False,5,100,77,77,128,128,90,600
716,648,MeloettaPirouette Forme,Normal,Fighting,False,5,100,128,90,77,77,128,600
717,649,Genesect,Bug,Steel,False,5,71,120,95,120,95,99,600
718,650,Chespin,Grass,,False,6,56,61,65,48,45,38,313
719,651,Quilladin,Grass,,False,6,61,78,95,56,58,57,405
720,652,Chesnaught,Grass,Fighting,False,6,88,107,122,74,75,64,530
721,653,Fennekin,Fire,,False,6,40,45,40,62,60,60,307
722,654,Braixen,Fire,,False,6,59,59,58,90,70,73,409
723,655,Delphox,Fire,Psychic,False,6,75,69,72,114,100,104,534
724,656,Froakie,Water,,False,6,41,56,40,62,44,71,314
725,657,Frogadier,Water,,False,6,54,63,52,83,56,97,405
726,658,Greninja,Water,Dark,False,6,72,95,67,103,71,122,530
727,659,Bunnelby,Normal,,False,6,38,36,38,32,36,57,237
728,660,Diggersby,Normal,Ground,False,6,85,56,77,50,77,78,423
729,661,Fletchling,Normal,Flying,False,6,45,50,43,40,38,62,278
730,662,Fletchinder,Fire,Flying,False,6,62,73,55,56,52,84,382
731,663,Talonflame,Fire,Flying,False,6,78,81,71,74,69,126,499
732,664,Scatterbug,Bug,,False,6,38,35,40,27,25,35,200
733,665,Spewpa,Bug,,False,6,45,22,60,27,30,29,213
734,666,Vivillon,Bug,Flying,False,6,80,52,50,90,50,89,411
735,667,Litleo,Fire,Normal,False,6,62,50,58,73,54,72,369
736,668,Pyroar,Fire,Normal,False,6,86,68,72,109,66,106,507
737,669,Flabébé,Fairy,,False,6,44,38,39,61,79,42,303
738,670,Floette,Fairy,,False,6,54,45,47,75,98,52,371
739,671,Florges,Fairy,,False,6,78,65,68,112,154,75,552
740,672,Skiddo,Grass,,False,6,66,65,48,62,57,52,350
741,673,Gogoat,Grass,,False,6,123,100,62,97,81,68,531
742,674,Pancham,Fighting,,False,6,67,82,62,46,48,43,348
743,675,Pangoro,Fighting,Dark,False,6,95,124,78,69,71,58,495
744,676,Furfrou,Normal,,False,6,75,80,60,65,90,102,472
745,677,Espurr,Psychic,,False,6,62,48,54,63,60,68,355
746,678,MeowsticMale,Psychic,,False,6,74,48,76,83,81,104,466
747,678,MeowsticFemale,Psychic,,False,6,74,48,76,83,81,104,466
748,679,Honedge,Steel,Ghost,False,6,45,80,100,35,37,28,325
749,680,Doublade,Steel,Ghost,False,6,59,110,150,45,49,35,448
750,681,AegislashBlade Forme,Steel,Ghost,False,6,60,150,50,150,50,60,520
751,681,AegislashShield Forme,Steel,Ghost,False,6,60,50,150,50,150,60,520
752,682,Spritzee,Fairy,,False,6,78,52,60,63,65,23,341
753,683,Aromatisse,Fairy,,False,6,101,72,72,99,89,29,462
754,684,Swirlix,Fairy,,False,6,62,48,66,59,57,49,341
755,685,Slurpuff,Fairy,,False,6,82,80,86,85,75,72,480
756,686,Inkay,Dark,Psychic,False,6,53,54,53,37,46,45,288
757,687,Malamar,Dark,Psychic,False,6,86,92,88,68,75,73,482
758,688,Binacle,Rock,Water,False,6,42,52,67,39,56,50,306
759,689,Barbaracle,Rock,Water,False,6,72,105,115,54,86,68,500
760,690,Skrelp,Poison,Water,False,6,50,60,60,60,60,30,320
761,691,Dragalge,Poison,Dragon,False,6,65,75,90,97,123,44,494
762,692,Clauncher,Water,,False,6,50,53,62,58,63,44,330
763,693,Clawitzer,Water,,False,6,71,73,88,120,89,59,500
764,694,Helioptile,Electric,Normal,False,6,44,38,33,61,43,70,289
765,695,Heliolisk,Electric,Normal,False,6,62,55,52,109,94,109,481
766,696,Tyrunt,Rock,Dragon,False,6,58,89,77,45,45,48,362
767,697,Tyrantrum,Rock,Dragon,False,6,82,121,119,69,59,71,521
768,698,Amaura,Rock,Ice,False,6,77,59,50,67,63,46,362
769,699,Aurorus,Rock,Ice,False,6,123,77,72,99,92,58,521
770,700,Sylveon,Fairy,,False,6,95,65,65,110,130,60,525
771,701,Hawlucha,Fighting,Flying,False,6,78,92,75,74,63,118,500
772,702,Dedenne,Electric,Fairy,False,6,67,58,57,81,67,101,431
773,703,Carbink,Rock,Fairy,False,6,50,50,150,50,150,50,500
774,704,Goomy,Dragon,,False,6,45,50,35,55,75,40,300
775,705,Sliggoo,Dragon,,False,6,68,75,53,83,113,60,452
776,706,Goodra,Dragon,,False,6,90,100,70,110,150,80,600
777,707,Klefki,Steel,Fairy,False,6,57,80,91,80,87,75,470
778,708,Phantump,Ghost,Grass,False,6,43,70,48,50,60,38,309
779,709,Trevenant,Ghost,Grass,False,6,85,110,76,65,82,56,474
780,710,PumpkabooAverage Size,Ghost,Grass,False,6,49,66,70,44,55,51,335
781,710,PumpkabooSmall Size,Ghost,Grass,False,6,44,66,70,44,55,56,335
782,710,PumpkabooLarge Size,Ghost,Grass,False,6,54,66,70,44,55,46,335
783,710,PumpkabooSuper Size,Ghost,Grass,False,6,59,66,70,44,55,41,335
784,711,GourgeistAverage Size,Ghost,Grass,False,6,65,90,122,58,75,84,494
785,711,GourgeistSmall Size,Ghost,Grass,False,6,55,85,122,58,75,99,494
786,711,GourgeistLarge Size,Ghost,Grass,False,6,75,95,122,58,75,69,494
787,711,GourgeistSuper Size,Ghost,Grass,False,6,85,100,122,58,75,54,494
788,712,Bergmite,Ice,,False,6,55,69,85,32,35,28,304
789,713,Avalugg,Ice,,False,6,95,117,184,44,46,28,514
790,714,Noibat,Flying,Dragon,False,6,40,30,35,45,40,55,245
791,715,Noivern,Flying,Dragon,False,6,85,70,80,97,80,123,535
792,716,Xerneas,Fairy,,True,6,126,131,95,131,98,99,680
793,717,Yveltal,Dark,Flying,True,6,126,131,95,131,98,99,680
794,718,Zygarde50% Forme,Dragon,Ground,True,6,108,100,121,81,95,95,600
795,719,Diancie,Rock,Fairy,True,6,50,100,150,100,150,50,600
796,719,DiancieMega Diancie,Rock,Fairy,True,6,50,160,110,160,110,110,700
797,720,HoopaHoopa Confined,Psychic,Ghost,True,6,80,110,60,150,130,70,600
798,720,HoopaHoopa Unbound,Psychic,Dark,True,6,80,160,60,170,130,80,680
799,721,Volcanion,Fire,Water,True,6,80,110,120,130,90,70,600
